MSA_pos	Orig_AA	Changed_AA	SIFT_prediction	Score	Confidence
13	G	C	AFFECT PROTEIN FUNCTION	0.01	High
72	K	T	AFFECT PROTEIN FUNCTION	0.05	High
92	G	D	AFFECT PROTEIN FUNCTION	0.01	High
108	G	R	TOLERATED	0.97	High
164	P	L	AFFECT PROTEIN FUNCTION	0.00	Low
248	N	Y	TOLERATED	0.66	High
261	G	R	TOLERATED	0.12	High
281	S	R	AFFECT PROTEIN FUNCTION	0.00	Low
314	G	V	AFFECT PROTEIN FUNCTION	0.00	Low
320	A	D	TOLERATED	0.09	High
332	W	Q	TOLERATED	0.37	High*
347	R	H	AFFECT PROTEIN FUNCTION	0.01	Low
365	L	P	AFFECT PROTEIN FUNCTION	0.03	Low
369	R	P	AFFECT PROTEIN FUNCTION	0.00	Low
376	S	L	AFFECT PROTEIN FUNCTION	0.00	Low
