Gene	MSA_pos	Orig_AA	Changed_AA	SIFT_prediction	Score	Confidence
CDY	1	F	Y	TOLERATED	1.00	High
CDY	22	R	W	AFFECT PROTEIN FUNCTION	0.00	Low
CDY	104	S	R	AFFECT PROTEIN FUNCTION	0.01	Low
CDY	331	V	M	AFFECT PROTEIN FUNCTION	0.00	High
CDY	475	M	T	AFFECT PROTEIN FUNCTION	0.03	High
CDY	497	R	H	AFFECT PROTEIN FUNCTION	0.00	High
DAZ	154	L	H	TOLERATED	0.06	High
DAZ_repeat	24	L	S	AFFECT PROTEIN FUNCTION	0.00	Low
RBMY	13	G	C	AFFECT PROTEIN FUNCTION	0.01	High
RBMY	72	K	T	AFFECT PROTEIN FUNCTION	0.05	High
RBMY	92	G	D	AFFECT PROTEIN FUNCTION	0.01	High
RBMY	108	G	R	TOLERATED	0.97	High
RBMY	164	P	L	AFFECT PROTEIN FUNCTION	0.00	Low
RBMY	248	N	Y	TOLERATED	0.66	High
RBMY	261	G	R	TOLERATED	0.12	High
RBMY	281	S	R	AFFECT PROTEIN FUNCTION	0.00	Low
RBMY	314	G	V	AFFECT PROTEIN FUNCTION	0.00	Low
RBMY	320	A	D	TOLERATED	0.09	High
RBMY	332	W	Q	TOLERATED	0.37	High*
RBMY	347	R	H	AFFECT PROTEIN FUNCTION	0.01	Low
RBMY	365	L	P	AFFECT PROTEIN FUNCTION	0.03	Low
RBMY	369	R	P	AFFECT PROTEIN FUNCTION	0.00	Low
RBMY	376	S	L	AFFECT PROTEIN FUNCTION	0.00	Low
TSPY	76	L	P	AFFECT PROTEIN FUNCTION	0.01	High
TSPY	157	E	G	TOLERATED	0.05	High
VCY	18	A	G	AFFECT PROTEIN FUNCTION	0.00	Low
VCY	138	T	S	AFFECT PROTEIN FUNCTION	0.00	Low
